Model,RMSE,C-index,Stratified C-index
Naive: efs_time,2.4685589201906715,0.9269137183241911,0.9120602822866531
Naive: log_efs_time,31.707560938396856,0.9715191555162433,0.9642091426111624
Tuned: log_efs_time,32.15521873468405,0.7933002422238418,0.7803372693482279
