Model,RMSE,C-index,Stratified C-index
Naive: efs_time,24.336294760110032,0.5891357186890738,0.5810068886406619
Naive: log_efs_time,31.790320938462884,0.6243643917492181,0.6140510405482833
Naive: reciprocal_efs_time,33.74920171352289,0.6305467201702322,0.6212697784753587
Naive: square_root_efs_time,30.552047750827175,0.6095794164160427,0.601152991114845
Naive: polynomial_efs_time,1931.8971290822967,0.5619123984854937,0.5543334535524792
Naive: power_efs_time,34511.769749641964,0.5147385431820539,0.5037238549058509
Tuned: log_efs_time,31.81932233832541,0.6573367759034727,0.647401042156738
