Model,RMSE,C-index,Stratified C-index
Naive: efs_time,2.4685589201906715,0.9269137183241911,0.9120602822866531
Naive: log_efs_time,31.707560938396856,0.9715191555162433,0.9642091426111624
Naive: reciprocal_efs_time,34.14920489086944,0.9832864815632076,0.978906660168822
Naive: square_root_efs_time,29.711511047578608,0.9547490956952331,0.9439999736880533
Naive: polynomial_efs_time,2596.534170523832,0.8506992271975269,0.8336663817714948
Naive: power_efs_time,66996.78303024088,0.5711677211570035,0.5631346693664593
Tuned: log_efs_time,32.15521873468405,0.7933002422238418,0.7803372693482279
