Model,RMSE,C-index,Stratified C-index
Naive: efs_time,1.5843831447701526,0.9461842891995623,0.9347478537693578
Naive: log_efs_time,31.687911467979546,0.9814107283520921,0.9765356382388866
Naive: reciprocal_efs_time,34.14771854188959,0.9892273051172473,0.9861122587011661
Naive: square_root_efs_time,29.66428467440148,0.9706820445856088,0.9630727380697757
Naive: polynomial_efs_time,2617.9222701561,0.8709564383306796,0.8512255782245137
Naive: power_efs_time,67009.47000710215,0.5827639778540351,0.5774074062261412
Tuned: log_efs_time,0.38157308774434867,0.9103463497727523,0.8975171559156004
