Model,RMSE,C-index,Stratified C-index
Naive: efs_time,24.65476170015775,0.599019988427417,0.5922800268103143
Naive: log_efs_time,31.774943579482176,0.6281142481828478,0.6155026832756452
Naive: reciprocal_efs_time,33.74660020248411,0.633348655034106,0.6222321737828856
Naive: square_root_efs_time,30.517807197764288,0.6140238801030494,0.60261801229925
Naive: polynomial_efs_time,1985.2775544475178,0.5742961975102344,0.5614353024453576
Naive: power_efs_time,42879.00996177423,0.506853157094797,0.49583051667095857
Tuned: log_efs_time,1.0089023192721063,0.6439895097429619,0.6313934332678085
