Model,RMSE,C-index,Stratified C-index
Naive: efs_time,28.93800038036407,0.5787545192511551,0.5591704067195915
Naive: log_efs_time,31.66361674680887,0.6102687224950443,0.5948655588561097
Naive: reciprocal_efs_time,33.76284961272181,0.5832227615177559,0.5677792611410829
Naive: square_root_efs_time,30.089259513652173,0.6052368852781206,0.5833004373363158
Naive: polynomial_efs_time,2768.223657884971,0.5443424486373306,0.5299657068821385
Naive: power_efs_time,88077.47332852377,0.5379360731552518,0.5264809772425048
Tuned: log_efs_time,1.0280455527823857,0.6151912634737188,0.597231693835624
