Model,RMSE,C-index,Stratified C-index
Naive: efs_time,1.466163534665278,0.94834362083902,0.936647664923078
Naive: log_efs_time,31.68748642195783,0.9819903182942614,0.97737608995677
Naive: reciprocal_efs_time,34.14774838516359,0.9888669870268809,0.9859559717264476
Naive: square_root_efs_time,29.666480996210144,0.9693037809445578,0.9617757874373707
Naive: polynomial_efs_time,2616.908995720377,0.8686836571373597,0.8502793178478503
Naive: power_efs_time,67009.93708037706,0.5790119604401415,0.5683915372167029
Tuned: log_efs_time,0.365194162855726,0.9153139128997845,0.9018562408688013
