Model,RMSE,C-index,Stratified C-index
Naive: efs_time,26.91343202376015,0.5743853117855879,0.5643097347816685
Naive: log_efs_time,31.820641918433576,0.6031650636040357,0.5964779236784481
Naive: reciprocal_efs_time,33.753969430077575,0.6219843519559782,0.6136072915024272
Naive: square_root_efs_time,30.29581092493966,0.6159429393181217,0.605639161246596
Naive: polynomial_efs_time,2918.1885291664967,0.5557175756567073,0.5434016011511857
Naive: power_efs_time,59368.92951058159,0.5119018182959926,0.5036667380678199
Tuned: log_efs_time,0.9996064744097619,0.6437514512177922,0.6358727399293104
