Model,RMSE,C-index,Stratified C-index
Naive: efs_time,20.056604519789737,0.3612520496279137,0.4949124338750826
Naive: log_efs_time,0.8847043000182344,0.28646148340250027,0.49555025247895107
Naive: sqrt_efs_time,1.93161710678248,0.32536245556789517,0.4938610782871389
Naive: reciprocal_efs_time,0.09475944121729678,0.33664416878435127,0.4911686900192155
Tuned: sqrt_efs_time,21.2811000040441,0.36993265837894046,0.49343962841158445
