Model,RMSE,C-index,Stratified C-index
Tuned: sqrt_efs_time,21.43923974856137,0.4058974286561516,0.4827970810089375
