Model,RMSE,C-index,Stratified C-index
Tuned: log_efs_time,0.9594178878726115,0.3485190415001624,0.4823108422057668
