Model,RMSE,C-index,Stratified C-index
Naive: efs_time,2.5418947383287964,0.0737387947692231,0.5027641118933062
Naive: log_efs_time,0.12130666768871622,0.028876139066719854,0.502926028146611
Naive: sqrt_efs_time,0.25978791724296424,0.0454252134057031,0.5030752540216133
Naive: reciprocal_efs_time,0.010734215446181031,0.04443815196897967,0.48993095483867977
Tuned: log_efs_time,0.9211297429768894,0.3149134909184008,0.49256074572160535
