Model,RMSE,C-index,Stratified C-index
Naive: efs_time,1.860176221698877,0.9387993624529446,0.9261297655540299
Naive: log_efs_time,31.699339440916784,0.9771149468409417,0.9714473809603277
Tuned: log_efs_time,32.23945893693512,0.6896913814754274,0.6792083405202648
