Model,RMSE,C-index,Stratified C-index
Naive: efs_time,2.5418947383287964,0.0737387947692231,0.5027641118933062
Naive: coxph_survival_probabilities,0.003943651823305382,0.005099998665849722,0.4977497781436643
Naive: weibullaft_survival_probabilities,0.003079313005130519,0.011576594000588743,0.4950210868006942
Tuned: coxph_survival_probabilities,0.03168777816917186,0.042500579649731564,0.49849732431403276
