Model,RMSE,C-index,Stratified C-index
Tuned: coxph_survival_probabilities,0.033639239952864906,0.04527892295765141,0.48121927353103894
