Model,RMSE,C-index,Stratified C-index
Tuned: log_efs_time,31.812044288527034,0.6590265039286816,0.647772285645386
