ID,prediction
28800,-23.01843461362442
28801,-23.34295759258292
28802,-22.277580251572225
