ID,prediction
28800,3.4815736
28801,2.5258138
28802,3.0433493
